{"train": {"r2_score": 87.62483654170008, "rmse_train": 3.51}, "val": {"r2_score": 83.96847285267582, "rmse_val": 4.46}}