{"train": {"r2_score": 87.62483654170008, "rmse_train": 3.51}, "val": {"r2_score": 83.99922049649209, "rmse_val": 4.45}}