{"train": {"r2_score": -5.368722974326922e+21, "rmse_train": 1.5211396539502717e+21}, "val": {"r2_score": -1.2608284844543464e+22, "rmse_val": 3.506537009124398e+21}}