{"train": {"r2_score": 98.169458800447, "rmse_train": 0.52}, "val": {"r2_score": 86.31591099709323, "rmse_val": 3.81}}